customer_id,name,email,created_at
1,Sandra Szyc,ypostawa@gmail.com,2024-05-25 12:57:27
2,pani Eliza Sławik,patrykpawela@gmail.com,2025-04-26 23:26:44
3,Fabian Hajda,natasza81@fundacja.net,2024-07-23 12:20:03
4,pan Robert Skowyra,delugablanka@chaberek.pl,2023-11-26 19:22:28
5,pani Monika Ankiewicz,julianmlocek@fundacja.pl,2023-08-14 01:31:55
6,Bianka Jeske,rozalia39@ppuh.pl,2024-01-22 14:43:40
7,Aleks Zacharek,filipwardziak@fundacja.com,2024-10-29 12:52:40
8,Krystian Bernatowicz,tzimmer@stowarzyszenie.net,2025-04-15 13:16:55
9,Elżbieta Kurzydło,pbujas@hotmail.com,2025-05-02 13:34:10
10,pani Natasza Wardziak,omiksza@gabinety.net,2023-06-02 22:42:16
11,Oliwier Kłósek,alan56@martyka.com,2025-03-15 16:54:56
12,Aleksander Leoniuk,koltonrafal@gabinety.com,2024-03-03 20:27:17
13,Piotr Szkatuła,danielgasek@wenda.com,2025-05-18 02:55:02
14,Inga Wójt,krzysztof31@stowarzyszenie.com,2023-07-07 18:27:35
15,pan Radosław Wołk,robertandruszko@hotmail.com,2024-05-20 14:00:39
16,Gabriel Biesaga,miloszczupryn@stowarzyszenie.com,2023-05-31 14:40:56
17,pan Ryszard Sołtan,tobiasz42@yahoo.com,2024-11-07 22:24:57
18,Róża Plewnia,aleksander84@szlapa-roda.pl,2024-09-06 06:17:57
19,Maurycy Szczap,tobiasz61@paluszak.pl,2023-09-22 16:38:59
20,Artur Jajko,rplak@yahoo.com,2025-03-30 15:06:35
21,Filip Mizak,kubaadrianna@onet.pl,2023-12-08 16:53:11
22,Adrianna Anioła,zwiazekpiotr@o2.pl,2024-01-29 12:34:52
23,Roksana Krochmal,krystynagmurczyk@onet.pl,2025-03-01 19:42:57
24,Bartek Draus,jakub30@hotmail.com,2024-12-27 14:10:38
25,Liwia Bogusiewicz,ignacykurcz@czerniakiewicz-mietus.com,2023-08-07 04:02:59
26,pan Jędrzej Jaroszuk,aniela14@supernak-horbacz.pl,2023-08-18 18:20:24
27,Konstanty Kozień,masnygabriel@ppuh.pl,2025-05-19 06:18:48
28,Anastazja Królikiewicz,ipazdan@interia.pl,2023-10-29 19:02:28
29,Julianna Jeske,krystiangmur@stowarzyszenie.pl,2024-11-29 10:20:47
30,Natan Bidas,kostekmilosz@kazubek-bartos.pl,2024-07-20 09:02:05
31,Gustaw Kaźmierczyk,franciszeklabudda@interia.pl,2025-03-17 00:51:58
32,Emil Gendera,urszula11@yahoo.com,2025-04-26 03:09:03
33,pan Alan Elias,wendaoliwier@hotmail.com,2024-06-10 22:59:25
34,Piotr Plich,leonchojna@yahoo.com,2024-03-08 01:42:13
35,Wiktor Smolec,boryspaliga@grupa.org,2024-05-03 18:01:04
36,pan Bruno Damps,robertolas@interia.pl,2024-04-20 07:05:20
37,Maurycy Kandziora,mataczaniela@nasiadka-klinger.org,2023-10-29 07:37:49
38,Przemysław Ksel,kaczmarroza@stowarzyszenie.com,2023-08-10 17:09:30
39,pan Ryszard Kacperek,usosnowka@o2.pl,2024-06-11 15:59:33
40,Rozalia Różak,kiliszekalex@grupa.com,2025-03-30 14:05:45
41,Marcin Miecznik,natasza11@yahoo.com,2025-03-26 05:55:44
42,Wiktor Taciak,mendykabartek@stowarzyszenie.com,2025-03-26 02:12:15
43,pan Iwo Burczak,chwedczukeliza@grupa.net,2024-01-01 08:16:38
44,Karina Ptok,michallangier@onet.pl,2024-12-16 17:02:29
45,Emil Krystkowiak,wiktor74@gmail.com,2025-01-10 08:37:12
46,Ernest Gapys,ferdynhubert@interia.pl,2023-12-30 08:15:39
47,pani Blanka Wielądek,marikakupaj@yahoo.com,2024-11-28 09:54:49
48,Krystian Antoszczyk,nmyszak@o2.pl,2024-03-16 16:50:24
49,pan Franciszek Gilewicz,feretadrian@grupa.pl,2023-10-19 19:07:05
50,Marika Bereda,opasich@fpuh.org,2025-01-22 20:29:28
51,Tobiasz Tyczka,madziarrafal@onet.pl,2025-01-17 20:12:36
52,Sara Olkowicz,ydyszy@seta.pl,2023-12-05 17:17:33
53,Angelika Węgier,tomaszpyc@fpuh.org,2023-08-17 11:18:45
54,Marianna Gamrat,wyrobekurszula@onet.pl,2023-08-06 09:58:23
55,Marcin Blank,rgras@grupa.pl,2024-12-02 13:43:11
56,Maksymilian Nicewicz,koterbaantoni@stowarzyszenie.com,2025-02-24 05:54:06
57,Dariusz Drózd,jakubleonowicz@nitek.org,2024-03-03 01:37:51
58,Jerzy Matula,agnieszkatomaszkiewicz@stowarzyszenie.com,2023-06-12 01:18:56
59,Olgierd Grzenia,gustaw85@interia.pl,2024-08-23 23:13:44
60,Paweł Osica,albertwons@interia.pl,2023-08-26 15:06:52
61,Jędrzej Doruch,danieljeske@fundacja.com,2025-03-20 02:16:34
62,Michał Pierchała,brossandra@ppuh.com,2024-08-22 11:00:40
63,Radosław Melaniuk,krekorasara@hotmail.com,2024-03-03 03:58:40
64,Albert Stasica,upres@spoldzielnia.pl,2023-07-31 01:57:44
65,Dominik Dorawa,adriannabelz@zdobylak-niecko.com,2023-11-29 22:48:44
66,pan Robert Dorociak,ofitas@onet.pl,2024-05-30 17:41:14
67,Gustaw Cierpisz,nopoka@gmail.com,2023-08-18 06:11:01
68,Inga Zera,wwiewiorka@grupa.net,2024-07-16 16:36:35
69,Konstanty Siedlarz,bzdziuchmaciej@wiaderek.pl,2024-04-30 16:12:11
70,Iwo Kurczak,gajakonsek@onet.pl,2023-07-15 01:56:06
71,Norbert Oleksak,sanetrawitold@interia.pl,2023-07-13 05:53:28
72,Aleks Małyszek,ewelinaszlek@fpuh.org,2024-01-03 08:33:32
73,pan Ryszard Klyta,marcelduchnik@baumgart.pl,2023-09-06 17:37:54
74,Maks Rorat,elisak@o2.pl,2024-11-10 22:36:41
75,pani Bianka Saj,julian70@yahoo.com,2023-11-04 21:44:44
76,Maks Szumny,piekaraanna-maria@onet.pl,2024-11-04 21:12:31
77,Ewa Anders,fularajakub@gmail.com,2025-03-29 13:11:26
78,Olaf Pachołek,pawelwitko@o2.pl,2024-11-27 18:11:56
79,pani Kornelia Pabiś,ckramer@hotmail.com,2023-09-12 22:09:32
80,pani Sara Lenda,tobiasz67@o2.pl,2024-12-08 04:41:24
81,Konrad Sabała,wodkafilip@gmurczyk-gos.com,2024-02-27 18:43:52
82,Tymoteusz Starzak,mysiorida@gmail.com,2025-01-09 13:03:17
83,pani Dorota Serwa,qkolsut@hotmail.com,2024-05-24 19:21:03
84,Natan Merchel,myszkmilosz@grupa.com,2023-09-07 09:55:20
85,Marianna Kornek,okozdron@spoldzielnia.com,2024-09-03 07:48:49
86,Alex Jędrasiak,juliusz08@onet.pl,2023-10-16 00:51:34
87,pani Sara Dietrich,ksawerygubernat@hotmail.com,2024-12-07 14:34:33
88,Fabian Kacperczyk,karina53@onet.pl,2024-01-13 21:20:44
89,Mateusz Kubasiewicz,zaleksiejuk@o2.pl,2024-06-07 17:34:52
90,pan Stanisław Juszczuk,oskarsibiga@pyza-wojczuk.pl,2024-09-08 07:09:32
91,Marianna Waloch,trzmielwitold@o2.pl,2023-11-08 06:35:06
92,Konstanty Rząd,jlaszcz@gmail.com,2024-09-06 05:17:56
93,Gustaw Gąsienica,ojalowiec@gmail.com,2023-12-19 01:10:34
94,Kacper Piesik,urszulapyszka@bienia-chuchla.com,2024-12-17 14:57:59
95,Franciszek Bubel,ignacy95@interia.pl,2024-10-26 13:15:38
96,Borys Kremer,sitonorbert@spoldzielnia.pl,2023-12-30 03:27:52
97,Sebastian Hamrol,dariusz90@waclawiak-wolkowicz.com,2024-06-20 20:28:51
98,Łukasz Duc,xtrojanek@brodowicz-pela.net,2024-12-31 15:20:58
99,Maks Jasionek,gwawrzynkiewicz@gabinety.pl,2024-06-04 07:52:45
100,pan Jan Gabryel,vkowalowka@ppuh.com,2023-12-08 15:36:26
